[{
  "_id": {
    "$oid": "631d5cc55afaff354c48f053"
  },
  "Season": "2021-2022",
  "First_Name": "Tyrese",
  "Last_Name": "Maxey",
  "Age": 21,
  "Games": 75,
  "PTS": 17.5,
  "AST": 4.3,
  "FT": 2.8,
  "THP": 1.8,
  "BLK": 0.4,
  "PF": 2.1
},{
  "_id": {
    "$oid": "631d5cc55afaff354c48f054"
  },
  "Season": "2021-2022",
  "First_Name": "James",
  "Last_Name": "Harden",
  "Age": 32,
  "Games": 21,
  "PTS": 21,
  "AST": 10.5,
  "FT": 7.9,
  "THP": 2.2,
  "BLK": 0.2,
  "PF": 2.3
},{
  "_id": {
    "$oid": "631d5cc55afaff354c48f055"
  },
  "Season": "2021-2022",
  "First_Name": "Seth",
  "Last_Name": "Curry",
  "Age": 31,
  "Games": 45,
  "PTS": 15,
  "AST": 4,
  "FT": 1.4,
  "THP": 2.2,
  "BLK": 0.2,
  "PF": 2.2
},{
  "_id": {
    "$oid": "631d5cc55afaff354c48f056"
  },
  "Season": "2021-2022",
  "First_Name": "Tobias",
  "Last_Name": "Harris",
  "Age": 29,
  "Games": 73,
  "PTS": 17.2,
  "AST": 3.5,
  "FT": 2.3,
  "THP": 1.4,
  "BLK": 0.6,
  "PF": 2.2
},{
  "_id": {
    "$oid": "631d5cc55afaff354c48f057"
  },
  "Season": "2021-2022",
  "First_Name": "Joel",
  "Last_Name": "Embiid",
  "Age": 27,
  "Games": 68,
  "PTS": 30.6,
  "AST": 4.2,
  "FT": 9.6,
  "THP": 1.4,
  "BLK": 1.5,
  "PF": 2.7
},{
  "_id": {
    "$oid": "631d5cc55afaff354c48f058"
  },
  "Season": "2021-2022",
  "First_Name": "Matisse",
  "Last_Name": "Thybulle",
  "Age": 24,
  "Games": 66,
  "PTS": 5.7,
  "AST": 1.1,
  "FT": 0.5,
  "THP": 2.2,
  "BLK": 1.1,
  "PF": 2.4
},{
  "_id": {
    "$oid": "631d5cc55afaff354c48f059"
  },
  "Season": "2021-2022",
  "First_Name": "Georges",
  "Last_Name": "Niang",
  "Age": 28,
  "Games": 76,
  "PTS": 9.2,
  "AST": 1.3,
  "FT": 0.7,
  "THP": 2.1,
  "BLK": 0.2,
  "PF": 2.5
},{
  "_id": {
    "$oid": "631d5cc55afaff354c48f05a"
  },
  "Season": "2021-2022",
  "First_Name": "Danny",
  "Last_Name": "Green",
  "Age": 34,
  "Games": 62,
  "PTS": 5.9,
  "AST": 1,
  "FT": 0.2,
  "THP": 1.7,
  "BLK": 0.6,
  "PF": 1.7
},{
  "_id": {
    "$oid": "631d5cc55afaff354c48f05b"
  },
  "Season": "2021-2022",
  "First_Name": "Shake",
  "Last_Name": "Milton",
  "Age": 25,
  "Games": 55,
  "PTS": 8.2,
  "AST": 2.5,
  "FT": 1.1,
  "THP": 0.8,
  "BLK": 0.3,
  "PF": 1.8
},{
  "_id": {
    "$oid": "631d5cc55afaff354c48f05c"
  },
  "Season": "2021-2022",
  "First_Name": "Furkan",
  "Last_Name": "Korkmaz",
  "Age": 24,
  "Games": 67,
  "PTS": 7.6,
  "AST": 1.9,
  "FT": 1,
  "THP": 1.1,
  "BLK": 0.1,
  "PF": 0.9
},{
  "_id": {
    "$oid": "631d5cc55afaff354c48f05d"
  },
  "Season": "2021-2022",
  "First_Name": "Andre",
  "Last_Name": "Drummond",
  "Age": 28,
  "Games": 49,
  "PTS": 6.1,
  "AST": 2,
  "FT": 0.9,
  "THP": 0,
  "BLK": 1.6,
  "PF": 2.5
},{
  "_id": {
    "$oid": "631d5cc55afaff354c48f05e"
  },
  "Season": "2021-2022",
  "First_Name": "DeAndre",
  "Last_Name": "Jordan",
  "Age": 33,
  "Games": 16,
  "PTS": 4.6,
  "AST": 0.5,
  "FT": 0.6,
  "THP": 0,
  "BLK": 0.6,
  "PF": 1.3
},{
  "_id": {
    "$oid": "632fb417a08af7b1be81dacf"
  },
  "Season": "2021-2022",
  "First_Name": "Julius",
  "Last_Name": "Erving",
  "Age": 72,
  "Games": 100,
  "PTS": 24.5,
  "AST": 4.3,
  "FT": 9.8,
  "THP": 13,
  "BLK": 5.4,
  "PF": 5.1,
  "__v": 0
},{
  "_id": {
    "$oid": "632fb452a08af7b1be81dad1"
  },
  "Season": "2021-2022",
  "First_Name": "Bobby",
  "Last_Name": "Jones",
  "Age": 70,
  "Games": 105,
  "PTS": 24.5,
  "AST": 4.3,
  "FT": 20.8,
  "THP": 13.1,
  "BLK": 5.4,
  "PF": 5.1,
  "__v": 0
},{
  "_id": {
    "$oid": "632fb47fa08af7b1be81dad3"
  },
  "Season": "2021-2022",
  "First_Name": "Charles",
  "Last_Name": "Barkley",
  "Age": 50,
  "Games": 105,
  "PTS": 20.5,
  "AST": 4.3,
  "FT": 15.8,
  "THP": 7.1,
  "BLK": 6,
  "PF": 5.1,
  "__v": 0
},{
  "_id": {
    "$oid": "632fb4aaa08af7b1be81dad5"
  },
  "Season": "2021-2022",
  "First_Name": "Allen",
  "Last_Name": "Iverson",
  "Age": 40,
  "Games": 100,
  "PTS": 23.5,
  "AST": 6.3,
  "FT": 10.8,
  "THP": 10.8,
  "BLK": 6,
  "PF": 5.1,
  "__v": 0
},{
  "_id": {
    "$oid": "632fb4cda08af7b1be81dad7"
  },
  "Season": "2021-2022",
  "First_Name": "Moses",
  "Last_Name": "Malone",
  "Age": 70,
  "Games": 100,
  "PTS": 13.5,
  "AST": 6.3,
  "FT": 10.8,
  "THP": 2.1,
  "BLK": 10.6,
  "PF": 5.1,
  "__v": 0
},{
  "_id": {
    "$oid": "6330be90b19b8af933989709"
  },
  "Season": "2021-2022",
  "First_Name": "Andrew",
  "Last_Name": "Toney",
  "Age": 60,
  "Games": 99,
  "PTS": 22.5,
  "AST": 5.3,
  "FT": 13.8,
  "THP": 11.1,
  "BLK": 7.6,
  "PF": 4.1,
  "__v": 0
}]